id,post,office_name,country,state,city,address,email,fax,mail_instructions,phone,post_type,
2a1f6580ce17ec1c45dffdcab9390c7b22e0111e,Reno,Reno U.S. Export Assistance Center,US,NV,Reno,"Reno U.S. Export Assistance Center,c/o Reno Sparks Chamber of Commerce,449 S. Virginia, 2nd Floor,Reno, NV 89501,http://www.export.gov/nevada/reno",andrew.edlefsen@trade.gov,775-784-5343,,775-784-5342,D,
97c2d541d409913bfba6c5ece6fc1d4d56bd01f5,Anchorage,U.S. Commercial Service - Alaska,US,AK,Anchorage,"222 West 7th Avenue, Suite 524,Anchorage, AK 99513,http://www.export.gov/alaska/",Debra.Franklin@trade.gov,,,907-271-6237,D,
814f8931b5218ae5116b8d9181c007b9c10a9b62,Atlanta,Atlanta U.S. Export Assistance Center,US,GA,Atlanta,"Atlanta U.S. Export Assistance Center,230 Peachtree Street, Suite 1725,Atlanta, GA  30303,http://www.export.gov/georgia/",Office.Atlanta@trade.gov,404-730-4819,,404-730-2704,D,
1fc6e94249a1a305e620574576cd7e38a0324dc9,Austin,U.S. Commercial Service - Austin,US,TX,Austin,"221 E. 11th St., 4th Floor,Austin, TX 78701,www.export.gov/texas/austin/",Karen.Parker@trade.gov,512-916-5940,,512-916-5939,D,
6f8a763f9eb44c76df9e97cf31358513078c9320,Baltimore,Baltimore U.S. Export Assistance Center,US,MD,Baltimore,"Baltimore U.S. Export Assistance Center,300 West Pratt St., Suite 300,Baltimore, MD  21201,http://www.export.gov/maryland/",office.baltimore@trade.gov,410-962-4529,,410-962-4539,D,
c4ebdc7a3b33c4e3bd8fb31c5bf2a3bf4e9332e4,Birmingham,Birmingham U.S. Export Assistance Center,US,AL,Birmingham,"Birmingham U.S. Export Assistance Center,950 22nd Street North, Suite 773,Birmingham, AL  35203-5309,http://www.export.gov/alabama/",Robert.Stackpole@trade.gov,205-731-0076,,205-731-1331,D,
a3d6569d9ca25768668ddc7db74ecb0b46a12361,Boise,Boise U.S. Export Assistance Center,US,ID,Boise,"Boise U.S. Export Assistance Center,700 W. State St., 2nd Floor,Boise, ID 83720,http://www.export.gov/idaho",Amy.Benson@trade.gov,208-334-2631,,208-364-7791,D,
5fbc07116714cc3691cca44e9b96250caa8d631b,Boston,Boston U.S. Export Assistance Center,US,MA,Boston,"Boston U.S. Export Assistance Center,JFK Federal Building,55 New Sudbury St., Suite 1826A,Boston, MA 02203,http://www.export.gov/Massachusetts/",Office.Boston@trade.gov,617-565-4313,,617-565-4301,D,
bf01725e88d1ee9e357a329447ab7ee7030be2a4,Buffalo,U.S. Commercial Service - Buffalo,US,NY,Buffalo,"130 S. Elmwood Ave., Suite 530,Buffalo, NY 14202,http://www.export.gov/newyork/bflorochsyr",rosanna.masucci@trade.gov,716-551-5290,,716-551-4191,D,
24090ed001346f2990486c2ec4b6b482bcf1a811,CS Teams - HQ,Global Teams - Admin,US,,Portland,"CS Global Teams,U.S. Commercial Service,International Trade Administration,One World Trade Center,121 SW Salmon St., Suite 242,Portland, OR 97204",Brad.Anderson@trade.gov,503-326-6351,,503-326-3003,D,
8da6633757f221c19b2c3254b5dd328ed91a5610,Cabazon,Coachella Valley/Inland Empire USEAC,US,CA,null,"3110 East Guasti Rd, Suite 465,Ontario, California 91761 http://export.gov/california/ie",fred.latuperissa@trade.gov,909-390-5315,,909-390-8283,D,
8d36ef5890f9c0c6d4a8bd39505099b264ac412b,Central-Southern NJ,Central-Southern NJ U.S. Export Assistant Center,US,NJ,Lawrenceville,"Central-Southern NJ U.S. Export Assistant Center,(formerly Trenton USEAC),997 Lenox Drive, Suite 111,Lawrenceville, NJ 08648,http://www.export.gov/newjersey",Janice.Barlow@trade.gov,609-896-4249,,609-896-2734,D,
dc10849204daf5b2880547790c5bbca499737874,Charleston SC,"Charleston, SC U.S. Export Assistance Center",US,SC,North Charleston,"Charleston, SC U.S. Export Assistance Center,1362 McMillan Ave., Suite 100,North Charleston, SC 29405,http://www.export.gov/southcarolina/",Phil.Minard@trade.gov,843-529-0305,,843-746-3404,D,
db110507aff255dcd25ee175d3d316c92cf9b5e2,Charleston WV,"Charleston, WV U.S. Export Assistance Center",US,WV,Charleston,"Charleston, WV U.S. Export Assistance Center,1116 Smith St., Suite 314,Charleston, WV 25301,http://www.export.gov/westvirginia/",Leslie.Drake@trade.gov,304-347-5408,,304-347-5123,D,
19d47d036cebe2887428d3fab4b877d3f1879279,Charlotte,Charlotte U.S. Export Assistance Center,US,NC,Charlotte,"Charlotte U.S. Export Assistance Center,521 E. Morehead St., Suite 435,Charlotte, NC 28202,http://www.export.gov/northcarolina/",greg.sizemore@trade.gov,704-332-2681,,704-333-4886,D,
d1f26ee57885cb0e58c0e9f982c31bd90586e8bd,Chicago,Chicago U.S. Export Assistance Center,US,IL,Chicago,"233 North Michigan Avenue,Suite 260,Chicago, IL 60601,http://export.gov/illinois",Office.Chicago@trade.gov,312-353-8120,,312-353-8040,D,
1a8c47b66548c1f8dd28122c7c83acafc1cb766c,Cincinnati,Cincinnati U.S. Export Assistance Center,US,OH,Cincinnati,"Cincinnati U.S. Export Assistance Center,36 E. 7th St., Suite 2025,Cincinnati, OH 45202,http://www.export.gov/ohio/southernohio/",Marcia.Brandstadt@trade.gov,513-684-3200,,513-684-2947,D,
0f7249f00cd82dc6529b819f8f45a733435f809c,Clearwater,Tampa Bay U.S. Export Assistance Center,US,FL,Clearwater,"Tampa Bay U.S. Export Assistance Center,13805 58th Street North, Suite 1-200,Clearwater, FL 33760,http://export.gov/florida/",Sandra.Campbell@trade.gov,,,727-893-3738,D,
104d78ba685703022bad32e0a5d740e8663a3d75,Cleveland,Cleveland U.S. Export Assistance Center,US,OH,Cleveland,"U.S. Department of Commerce, U.S. Commercial Service,Howard M. Metzenbaum U.S. Courthouse,201 Superior Avenue East,Suite 424,Cleveland, OH 44114,http://export.gov/ohio/northernohio/index.asp",Office.Cleveland@trade.gov,216-522-2235,,216-522-4750,D,
4d7f98c3fa03e39eb64bfa8f72666b7363b16e34,Columbia,Columbia U.S. Export Assistance Center,US,SC,Columbia,"U.S. Commercial Service,1301 Gervais Str., Suite 1100,Columbia, SC  29208,http://www.export.gov/southcarolina/",Dorette.Coetsee@trade.gov,,,803-255-2626,D,
e66de056e3e21100b14ca39bc3155b9cca8d638b,Columbus,Columbus U.S. Export Assistance Center,US,OH,Columbus,"Columbus U.S. Export Assistance Center,401 N. Front St., #200,Columbus, OH 43215,http://export.gov/ohio/centralohio/index.asp",roberta.ford@trade.gov,614-365-9598,,614-365-9510,D,
91f268b76f5d47a31293fa7c76a416a2e7fd742c,Denver,Denver U.S. Export Assistance Center_CO & WY,US,CO,Denver,"U.S. Commercial Service Denver,999 18th Street, Suite 725 North Tower,Denver, CO 80202,http://www.export.gov/colorado/",Paul.Bergman@trade.gov,303-844-5651,,303-844-6623,D,
3762fab0d0140740bb5b4df773401521ae175532,Des Moines,US Commercial Service Iowa,US,IA, Des Moines,"US Commercial Service Iowa,Federal Building, Room 749,210 Walnut Street, Des Moines, IA 50309,http://export.gov/iowa",Patricia.Cook@trade.gov,515-284-4232,,515-284-4590,D,
9f68f933e6e2a22eb83b1af58e4ddc8426ca156c,Detroit,Detroit U.S. Export Assistance Center,US,MI, Detroit,"Detroit U.S. Export Assistance Center,211 W. Fort Street, Suite 1310, Detroit,MI 48226,http://www.export.gov/michigan",Sara.Coulter@trade.gov,313-226-3073,,313-226-3006,D,
73ee9452ed281b75edcf3165e02f41b1bded0e2d,El Paso,El Paso U.S. Export Assistance Center,US,TX,El Paso,"El Paso World Trade Center,9570 Pan American Drive,El Paso, TX 79927,https://export.gov/texas/elpaso",Robert.Queen@trade.gov,915-858-8827,,915-929-6971,D,
3f2fb989e0a716043b7dc97069fc877f1a28f5b7,Fargo,Fargo U.S. Export Assistance Center,US,ND,Fargo,"NDSU Agribusiness and Applied Economics Department at Barry Hall,811 Second Avenue North,Suite 436,Fargo, ND 58102,http://www.export.gov/northdakota",heather.ranck@trade.gov,701-540-0262,,701-239-5080,D,
6b1d4c75e35341042a393e98f88402370ca899ca,Fort Lauderdale,Fort Lauderdale U.S. Export Assistance Center,US,FL,Fort Lauderdale,"Fort Lauderdale U.S. Export Assistance Center,1850 Eller Drive, Suite 401,Fort Lauderdale, FL 33316,http://www.export.gov/florida/",Office.Miami@trade.gov,954-356-6644,,954-356-6640,D,
91d6d7bd703c63b17f0bb67bb4eef3a49181fde5,Fresno,Fresno U.S. Export Assistance Center,US,CA,Fresno,"U.S. Commercial Service, Fresno,801 R. Street, Suite 201,Fresno, CA 93721,http://export.gov/california/fresno",glen.roberts@trade.gov,,,559 348-9859,D,
63dffdf3a5f918aa543a9c36cf02ac96d1b9d783,Grand Rapids,Grand Rapids U.S. Export Assistance Center,US,MI,Grand Rapids,"U.S. Commercial Service, U.S. Department of Commerce,50 Front Ave. SW, Suite 1119,Grand Rapids, MI 49504,http://www.export.gov/michigan",Kendra.Kuo@trade.gov,616-458-3872,,616-458-3564,D,
445ee4e0573a7f4ea1a5299d71b9a575526561eb,Great Lakes Network Dir,Great Lakes Network Director,US,OH,Cleveland,"U.S. Department of Commerce, U.S. Commercial Service,Howard M Metzenbaum U.S. Courthouse,201 Superior Avenue East,Suite 424,Cleveland, OH  44114",mike.miller@trade.gov,216-522-2235,,216-522-4750,D,
1133c60276df32d4ec9ca7983d0b18be9427da0e,Greensboro,Greensboro U.S. Export Assistance Center,US,NC,Greensboro,"Greensboro U.S. Export Assistance Center,330 S. Greene Street, Suite 303,Greensboro, NC 27401,http://www.export.gov/northcarolina",Stephanie.Heckel@trade.gov,336-333-5158,,336-333-5345,D,
ba569c7dda32e57b0042b82207945d9764586ca9,Greenville,Greenville U.S. Export Assistance Center,US,SC,Greenville,"Greenville U.S. Export Assistance Center,Buck Mickel Center at Greenville Technical College,216 S. Pleasantburg Dr., Suite 243,Greenville, SC 29607,http://www.export.gov/southcarolina/",Shannon.Christenbury@trade.gov,864-250-6729,,864-250-8429,D,
f907f8d0fb1cbfb7e54e9d8071ca0367ca3ba050,Harlem,U.S. Commercial Service - Harlem,US,NY,New York,"163 W. 125th St., Suite 901,New York, NY 10027,http://www.export.gov/newyork/harlem/",Office.Harlem@trade.gov,212-860-6203,,212-860-6200,D,
35bfa94eeb62615456b82b11886ff11e75092580,Harrisburg,VACANT Please Contact CS Pittsburgh or CS Philadelphia,US,PA,null,VACANT,Joseph.Hanley@trade.gov,VACANT,,VACANT,D,
5bcfb9b3f96a783d1ed0242445f37b7adc02066a,Honolulu,Hawaii U.S. Export Assistance Center,US,HI,Honolulu,"Hawaii U.S. Export Assistance Center,Foreign Trade Zone #9,521 Ala Moana Blvd., Rm. 214,Honolulu, HI 96813,http://www.export.gov/hawaii/",John.Holman@trade.gov,808-522-8045,,808-522-8040,D,
95bab3f167f70d4366b00f160af161e0b61eb6ee,Houston,Houston U.S. Export Assistance Center,US,TX,Houston,"Houston U.S. Export Assistance Center,1919 Smith St., Suite 1026,Houston, TX  77002,http://www.export.gov/texas/houston/",Office.Houston@trade.gov,281-228-5663,,281-228-5650,D,
7bd5541e3bb5b84eb9df6cb49fe01a653d5ebeb8,Indianapolis,Indianapolis U.S. Export Assistance Center,US,IN,Indianapolis,"Indianapolis U.S. Export Assistance Center,46 E. Ohio Street,Suite 508,Indianapolis, IN 46204,http://www.export.gov/indiana",Mark.Cooper@trade.gov,317-221-0120,,317-226-6153,D,
3c788cc914fcb84d1f1ddae4edbb3da90e29ca92,Inland Empire,"Inland Empire U.S. Export Assistance Center (Ontario, California)",US,CA,null,"3110 East Guasti Rd, Suite 465,Ontario, California  91761 http://export.gov/california/ie",office.inlandempire@trade.gov,909-390-5315,,909-390-8283,D,
d15f7ac9d58c501f99d51c45645e9e0a9912b1b0,Irvine,Irvine (Newport Beach) U.S. Export Assistance Center,US,CA,Irvine,"2302 Martin Court, Suite 315,Irvine, CA 92612,http://export.gov/california/irvine",OfficeIrvine@trade.gov,949-660-1338,,949-660-1688,D,
805612dfdc3300b9e20819bb7bbcdea791032b69,Jackson,Mississippi U.S. Export Assistance Center,US,MS,Jackson,"Mississippi U.S. Export Assistance Center,1230 Raymond Road, Box 600,Jackson, MS  39204,http://export.gov/mississippi/",Carol.Moore@trade.gov,601-373-0959,,601-373-0773,D,
3adca64ede3046b326ffa68e7602031147d3b62c,Jacksonville,Jacksonville U.S. Export Assistance Center,US,FL,Jacksonville,"Jacksonville U.S. Export Assistance Center,3 Independent Drive,Jacksonville, FL 32202,http://www.export.gov/florida",Jorge.Arce@trade.gov,904-232-1271,,904-232-1270,D,
4861656d65834abca6d37ed5f671c427b0f55ac9,Kansas City,Kansas City U.S. Export Assistance Center,US,MO,null,"U.S. Commercial Service- Kansas City,1000 Walnut St., Suite 500,Kansas City, Missouri 64106 USA,http://export.gov/missouri/kansascity/",Office.KansasCity@trade.gov,816-471-7839,,816-421-1876,D,
758935bb2b0307d6dd8635896e4da38a527c1970,Knoxville,Knoxville U.S. Export Assistance Center,US,TN,Knoxville,"Knoxville U.S. Export Assistance Center,17 Market Square, #201,Knoxville, TN  37902-1405,http://www.export.gov/tennessee/knoxville",Robert.Leach@trade.gov,865-545-4435,,865-545-4637,D,
e6d760419b10bfca2b6ab50d266a16117988cb8a,Las Vegas,Las Vegas U.S. Export Assistance Center,US,NV,null,"Las Vegas U.S. Export Assistance Center,300 S. Fourth St., Suite 400,Las Vegas, Nevada 89101,http://www.export.gov/nevada/lasvegas/",Andrew.Edlefsen@trade.gov,702-388-6469,,702-388-6694,D,
2d0a922dfb43b944558073ecc631286b04ef8a31,Lexington,Lexington  U.S. Export Assistance Center,US,KY,null,"301 E. Main St., Suite 110,Lexington KY  40507-1553,http://www.export.gov/kentucky/",Sara.Moreno@trade.gov,859-201-1139,,859-225-7001,D,
02878fa8fe46e104e26147357b27b3addad52d7b,Little Rock,Little Rock U.S. Export Assistance Center,US,AR,Little Rock,"Little Rock U.S. Export Assistance Center,425 West Capitol Ave., Suite 425,Little Rock, AR 72201,http://www.export.gov/arkansas/",Office.LittleRock@trade.gov,501-324-7380,,501-324-5794,D,
1719ee3403a93fc6453a8d13bffdec528a2012d1,Long Island,U.S. Commercial Service - Long Island,US,NY,null,"Entrepreneurship & Technology Innovation Center,New York Institute of Technology,Northern Blvd.,Room 104 Harry J. Schure Hall,Old Westbury, New York 11568,http://www.export.gov/newyork/longisland",Susan.Sadocha@trade.gov,,,516-427-9117,D,
dd13abb50ce6a38a1170fa5f5db068d21b7ef2af,Los Angeles (Downtown),Los Angeles (Downtown) U.S. Export Assistance Center,US,CA,Los Angeles,"Los Angeles (Downtown) U.S. Export Assistance Center,444 South Flower street, 37th Floor,Los Angeles, CA 90071,http://export.gov/california/losangelesdowntown/index.asp",rachid.sayouty@trade.gov,213-894-8789,,213-894-8784,D,
42f1f96eabb14bb8c46a21cfd30b85b69be55790,Los Angeles (West),Los Angeles (West) U.S. Export Assistance Center,US,CA,Los Angeles,"Los Angeles (West) U.S. Export Assistance Center,11500 Olympic Blvd., Suite 601,Los Angeles, CA 90064,http://www.export.gov/california/losangeleswest/index.asp",Julieanne.Hennessy@trade.gov,310-235-7220,,310-235-7104,D,
c98a282b68ccf53a977d8d9c7ab19839f57cf366,Louisville,Louisville U.S. Export Assistance Center,US,KY,Louisville,"CS Louisville,601 W. Broadway, Room 634B,Louisville, KY 40202,http://www.export.gov/kentucky/",Peggy.Pauley@trade.gov,502-582-6573,,502-582-5066,D,
77871f26ffe2a565953984f989edd853d0ef1add,Memphis,Memphis U.S. Export Assistance Center,US,TN,Memphis,"Memphis U.S. Export Assistance Center,22 North Front Street, Suite 200,Memphis, TN  38103,http://export.gov/tennessee/memphis",Office.Memphis@trade.gov,901-543-3510,,901-544-0930,D,
f6a3cde6895024d0248b96d3fc92532aa206fa91,Miami,Miami U.S. Export Assistance Center,US,FL,null,"Miami U.S. Export Assistance Center,5835 Blue Lagoon Dr., Suite 203,Miami FL 33126,http://www.export.gov/florida",Office.Miami@trade.gov,305-526-7434,,305-526-7425,D,
ebd3e3a5f3e06e223017d6b7689a904f7791914e,Mid-Atlantic Network Dir,Mid-Atlantic Network Director,US,PA,Philadelphia,"U.S. Commercial Service,One Penn Center, 1617 John F. Kennedy Blvd.,Suite 1580,Philadelphia, PA 19103",Joseph.Hanley@trade.gov,215-597-6123,,215-597-6108,D,
c9f75d80838d692371d3f3c507a9d12f03d3f6b2,Middletown,Middletown U.S. Export Assistance Center,US,CT,Middletown,"Middletown U.S. Export Assistance Center,213 Court St., Suite 903,Middletown, CT  06457-3382,http://www.export.gov/connecticut/",Anne.Evans@trade.gov,860-638-6970,,860-638-6950,D,
850ff6fb2d691db86da8735936ceb76d0768f2a9,Midwest Network Dir,"Regional Director, Midwest Network",US,IL,Kansas City,"1000 Walnut, Suite 500,Kansas City, MO 64106",regina.heise@trade.gov,816-471-7839,,816-421-1932,D,
471eef042b969d90ff0396e2cf8e1b25ceac055b,Milwaukee,Milwaukee U.S. Export Assistance Center,US,WI,Wauwatosa,"10437 Innovation Drive, Suite 305,Wauwatosa, WI 53226-4815",Office.Milwaukee@trade.gov,,,414-297-3473,D,
b9bf2b4fdc34f7a557597408a2601e8b84e72c59,Minneapolis,Minneapolis U.S. Export Assistance Center,US,MN,Minneapolis,"Minneapolis U.S. Export Assistance Center,330 2nd Avenue South, Suite 410,Minneapolis, MN 55401,http://www.export.gov/minnesota/",Ryan.Kanne@trade.gov,612-348-1650,,612-348-1638,D,
2b09e1adec890386dd6daefd89bd315f9f10e0e7,Montana,Montana U.S. Export Assistance Center,US,MT,Helena,"Montana U.S. Export Assistance Center,10 West 15th Street, Suite 1100,Helena, MT 59626,http://www.export.gov/montana/",Carey.Hester@trade.gov,503-326-6351,,406-370-0097,D,
4cd3ffdf9856867f59470fa5af46b144780cf357,Monterey Bay,Monterey Bay U.S. Export Assistance Center,US,CA,Monterey,"Monterey U.S. Export Assistance Center,411 Pacific St., Suite 316A,Monterey, CA 93940,http://export.gov/california/monterey",Chris.Damm@trade.gov,408-535-2758,,408-535-2757 x 108,D,
421a35725eb4bb26a99224f08fe602c12a811a27,Montpelier,Montpelier U.S. Export Assistance Center,US,VT,Montpelier,"Montpelier U.S. Export Assistance Center,PO Box 605,87 State Street, Room 205,Montpelier, VT  05601,http://www.export.gov/vermont",Susan.Murray@trade.gov,802-828-3258,,802-828-4508,D,
151cb316b9946eab6693a02e4d0a7905be714813,Nashville,Nashville U.S. Export Assistance Center,US,TN,null,"Nashville U.S. Export Assistance Center,801 Broadway, Suite C372,Nashville, Tennessee 37203,http://export.gov/tennessee/nashville",Office.Nashville@trade.gov,615-736-2226,,615-736-2222,D,
53a894a8dc0c625a5a4199be566a0e05ac53a37c,New Hampshire,New Hampshire U.S. Export Assistance Center,US,NH,null,"Two International Drive, Suite 121,Portsmouth, New Hampshire 03801,http://www.export.gov/newhampshire",Office.Portsmouth@trade.gov,603-610-2418,Please indicate ATTN: U.S. Commercial Service on mail.,603-610-2416,D,
b06e049d43c50358717411f821641c22d5cb325e,New Orleans,New Orleans U.S. Export Assistance Center,US,LA,New Orleans,"Suite 419, U.S. Custom House,423 Canal Street,New Orleans, LA  70130,http://www.export.gov/louisiana",office.neworleans@trade.gov,504-589-2337,,504-589-6546,D,
5914b8d9ed8d1911cdd9cfaece6be527c3f003da,New York,U.S. Commercial Service - New York,US,NY,New York,"290 Broadway, Suite 1312,New York, NY 10007,http://www.export.gov/newyork/",Office.NewYork@trade.gov,212-809-2687,,212-809-2675,D,
b57007fadffeded9916edb7ae0c8772d5f803040,North Bay,San Rafael (North Bay) U.S. Export Assistance Center,US,CA,San Rafael,"50 Acacia Avenue,at: Dominican University of California,San Rafael, CA 94901,http://export.gov/california/northbay",Office.NorthBay@trade.gov,415-485-6219,,415-485-6209,D,
b6079570255c1e5dd8de793d91f306f46f56e796,North Texas,Dallas-Fort Worth U.S. Export Assistance Center,US,TX,null,"North Texas U.S. Export Assistance Center,4300 Amon Carter Blvd  Suite 114,Fort Worth, Texas  76155,http://www.export.gov/texas/northtexas/",jessica.gordon@trade.gov,817-684-5345,North Texas USEAC covers all of Dallas and Ft Worth,817-684-5347,D,
036cc53a19045c315073c8194927af09e12e892c,Northeast Network Dir,Northeast Network Director,US,MA,Boston,"U.S. Commercial Service,JFK Federal Building,55 New Sudbury St, Suite 1826A,Boston, MA 02203-0001",James.Cox@trade.gov,617-565-4313,,617-565-4307,D,
9a29d28577fd37ed032dc4265656d486c1a5a698,Northern New Jersey,Northern New Jersey U.S. Export Assistance Center,US,NJ,Newark,"Northern New Jersey U.S. Export Assistance Center,20 Washington Place, Suite 615,Newark, NJ 07102,http://www.export.gov/newjersey",Office.Newark@trade.gov,973-645-4783,,973-645-4682,D,
4663ee5a9c792fbfa9a835cf3d41e53c9d05ba6d,Northern VA,Northern Virginia U.S. Export Assistance Center,US,VA,Arlington,"Northern Virginia U.S. Export Assistance Center,1501 Wilson Blvd., Suite 1225,Arlington, VA 22209,http://www.export.gov/virginia",William.Fanjoy@trade.gov,,,703-756-1702,D,
8982369f83eb34ea9c955442c2cf126bb2379829,ODO/DAS,Office of the U.S. Field DAS,US,DC,Washington,"DAS - Office of Domestic Operations,U.S. and Foreign Commercial Service,International Trade Administration,U.S. Department of Commerce,REGULAR MAIL:,14th & Constitution Ave., NW, RRB,Washington D.C. 20230,UPS AND FEDEX:,USA Trade Center,1300 Pennsylvania Ave., NW,Suite M800,Washington, DC  20004",NOT AVAILABLE,202-482-0687,,202-482-0143,D,
3c4297e1dc1821c27b100d0a8bff32fdcce251f1,ODO/FSS,National Field Support Team,US,DC, Washington,"ODO - National Field Support Team,1300 Pennsylvania Ave NW, Washington, DC 20004",Carolyn.McNeill@trade.gov,202-482-6902,,202-482-3432,D,
98dd7217c03e4be70bd502b2336fe6516bc7ef00,Oakland,Oakland U.S. Export Assistance Center,US,CA,Oakland,"Oakland U.S. Export Assistance Center,1301 Clay St., Suite 630N,Oakland, CA 94612,http://export.gov/california/oakland",Rod.Hirsch@trade.gov,510-273-7352,,510-273-7350,D,
0f519f5193674907e1383ba3db262eef091af0f4,Oklahoma City,Oklahoma City U.S. Export Assistance Center,US,OK,Oklahoma City,"Oklahoma City U.S. Export Assistance Center,301 NW 63rd St., Suite 420,Oklahoma City, OK 73116,http://www.export.gov/oklahoma",office.oklahomacity@trade.gov,405-608-4211,,405-608-5302,D,
5f822a5b4eaa2a2e267b335369b0155500960e65,Omaha,U.S. Commercial Service Nebraska,US,NE,null,"111 South 18th Plaza, Room C-52,Omaha Nebraska 68102-1321,http://www.export.gov/nebraska/",Meredith.Bond@trade.gov,402-939-0121,IF UPS - PLEASE EMAIL ME - MAJOR DELIVERY PROBLEMS WITH UPS AT MY LOCATION,402-346-6947,D,
7b797e3df97a4fb8d580c940b6ca54c86560faa1,Orlando,Orlando U.S. Export Assistance Center,US,FL,Orlando,"Orlando U.S. Export Assistance Center,3201 East Colonial Drive, Suite A-20,Orlando, FL 32803,http://www.export.gov/florida",office.orlando@trade.gov,407-420-4425,,"407-420-4848, ext. 260",D,
eadd0c9d721c8a818527b3bb8bd3ee9666dac87e,Pacific North Network Dir,Pacific North Network Director,US,CA,Salt Lake City,"U.S. Commercial Service,350 S. Main St.,Suite 462,Salt Lake City, UT 84101",david.fiscus@trade.gov,801-524-3072,,801-524-3092,D,
da030b083490dddb1ffa54af2555ef18d0aae154,Pacific South Network Dir,Pacific South Network Director,US,CA,Irvine,"U.S. Commercial Service,2302 Martin, Ste 315,Irvine, CA 92612,http://export.gov/california/irvine",Richard.Swanson@trade.gov,949-660-1338,,949-660-1688 x 153,D,
3645fe2388770e9f9e215a62739a9692de27c073,Peoria,Peoria U.S. Export Assistance Center,US,IL,Peoria,"Peoria U.S. Export Assistance Center,922 N. Glenwood Ave., Jobst Hall, Rm. 141,Peoria, IL 61606,http://export.gov/illinois/",Elizabeth.Ahern@trade.gov,309-671-7818,,309-671-7815,D,
1ef812b50b0d718a5498b7fd3bf8bbea7bb47499,Philadelphia,Philadelphia U.S. Export Assistance Center,US,PA,Philadelphia,"Philadelphia U.S. Export Assistance Center,One Penn Center,1617 John F. Kennedy Blvd., Suite 1580,Philadelphia, PA 19103,http://www.export.gov/pennsylvania/philadelphia/",Office.Philadelphia@trade.gov,215-597-6123,,215-597-6101,D,
937909227ec6fad872490dc5830f523bd5fde2a5,Phoenix,Phoenix U.S. Export Assistance Center,US,AZ,Phoenix,"Phoenix U.S. Export Assistance Center,2828 N Central Ave, Suite 800,Phoenix, AZ 85004,http://www.export.gov/arizona",Office.Phoenix@trade.gov,602-745-7210,,602-640-2513,D,
6794e34a7a1259ca52b6b475c1cbc763e51ab92f,Pittsburgh,Pittsburgh U.S Commerical Service,US,PA,Pittsburgh,"U.S. Commercial Service,William S. Moorhead Federal Building,1000 Liberty Avenue, Suite 807,Pittsburgh, PA 15222",Lyn.Doverspike@trade.gov,412-644-2803,www.export.gov/pennsylvania/pittsburgh,412-644-2800,D,
99ee7501114b1cbf5d9dbb873a9aa956a2dbc782,Pontiac,East Michigan U.S. Export Assistance Center,US,MI,Pontiac,"East Michigan U.S. Export Assistance Center,1200 N Telegraph Rd,Administrative Annex 1, Building 47 West,Pontiac, MI 48341,http://www.export.gov/michigan/",Richard.Corson@Trade.gov,248-975-9606,,248-975-9600,D,
41ddd7186df80302eb933a416034690f1d901b91,Portland ME,"Portland, ME U.S. Export Assistance Center",US,ME,null,"Portland, ME U.S. Export Assistance Center,312 Fore Street,Portland, Maine 04101,http://www.export.gov/maine",Jeffrey.Porter@trade.gov,207-780-3761,,207-780-3756,D,
fe476f94444e3f175e658b2ca2f9a245c591f008,Portland OR,"Portland, OR U.S. Export Assistance Center",US,OR,Portland,"Portland, OR U.S. Export Assistance Center,One World Trade Center,121 SW Salmon St., Suite 242,Portland, OR 97204,http://export.gov/oregon/",Scott.Goddin@trade.gov,503-326-6351,,503-326-3001,D,
a9481c78c84f52b4db4f1c2a0ba9d27cbfcff166,Providence,Providence U.S. Export Assistance Center,US,RI,Providence,"Providence U.S. Export Assistance Center,315 Iron Horse Way, Suite 101,Providence, RI  02908,http://www.export.gov/rhodeisland/",keith.yatsuhashi@trade.gov,401-528-5067,,401-528-5104,D,
1e663fb0b785381e6a860d01d7c7628eebc88b7a,Raleigh,Raleigh US Export Assistance Center,US,NC,Raleigh,"Raleigh US Export Assistance Center,10900 World Trade Blvd., Suite 110,Raleigh, NC 27617,http://www.export.gov/northcarolina/",greg.sizemore@trade.gov,919-281-2754,,919-281-2750,D,
f420088ed12b3ceabac3b67d2fa4b3c71b841500,Richmond,Richmond U.S. Export Assistance Center,US,VA,Richmond,"400 N. 8th St., Suite 1028,Richmond, VA  23219,http://www.export.gov/virginia",joshua.kaplan@trade.gov,,,804-461-9324,D,
d7b378dda3b52517d4f0a8ada573ffbbc98ae989,Rochester,U.S. Commercial Service - Rochester,US,NY,Rochester,"400 Andrews St., Suite 300,Rochester, NY  14604,http://www.export.gov/newyork/bflorochsyr",Timothy.McCall@trade.gov,585-423-7570,,585-399-7065,D,
2e5fc09b21aca251109b0a06a324490cd165bd47,Rockford,Rockford Illinois U.S. Export Assistance Center,US,IL,Rockford,"Rockford Illinois U.S. Export Assistance Center,327 South Church Street, Suite 1600,Rockford, IL  61101,http://export.gov/illinois/",Office.Chicago@trade.gov,312-353-8120,Rockford is vacant. Please contact CS Chicago,312-353-8040,D,
1cadf1aa70961280611ba3223d8983d7b4a3d2d3,Sacramento,Sacramento U.S. Export Assistance Center,US,CA,Sacramento,"Sacramento U.S. Export Assistance Center,1410 Ethan Way, Ste. 131 N,Sacramento, CA 95825,http://www.export.gov/california/sacramento/",George.Tastard@trade.gov,916-566-7123,N/A,916-566-7170,D,
3f5b4a423c450b931b0b56d1615c9dd83dcacbae,Salt Lake City,Salt Lake City U.S. Export Assistance Center,US,UT,Salt Lake City,"Salt Lake City U.S. Export Assistance Center,350 S. Main St., Suite 462,Salt Lake City, UT 84101,http://www.export.gov/utah/",office.saltlakecity@trade.gov,801-524-3072,,801-524-3070,D,
cd7e67f9152f15ab527d14386a3a82f693f3d719,San Antonio,San Antonio U.S. Export Assistance Center,US,TX,San Antonio,"San Antonio U.S. Export Assistance Center,615 E. Houston Street, Suite 207,San Antonio, TX 78205,http://www.export.gov/texas/sanantonio/",Daniel.Rodriguez@Trade.gov,210-472-4019,,210-472-4020,D,
446c614e5a205a99ac6baca5c4a5aaab1a7ed747,San Diego,San Diego U.S. Export Assistance Center,US,CA,San Diego,"San Diego U.S. Export Assistance Center,9449 Balboa Avenue, Suite 111,San Diego, CA  92123,http://www.buyusa.gov/sandiego/",Matt.Andersen@trade.gov,858-467-7043,,858-467-7032,D,
7356082c56e06a052b94992f9b22128f63e7fe31,San Francisco,San Francisco U.S. Commercial Service,US,CA,San Francisco,"San Francisco U.S. Commercial Service,75 Hawthorne St.,2nd Floor, Suite 2500,San Francisco, CA 94105,http://export.gov/california/sanfrancisco",office.sanfrancisco@trade.gov,415-705-2299,,415-705-2300,D,
944d5c92e0473630596f34ac296a8ab724f947ea,San Jose CA,San Jose (Silicon Valley) U.S. Export Assistance Center,US,CA,San Jose,"San Jose (Silicon Valley) U.S. Export Assistance Center,55 South Market St., Suite 1040,San Jose, CA  95113,http://export.gov/california/sanjose",Joanne.Vliet@trade.gov,408-535-2758,,408-535-2757,D,
e72458b38153c6622f13dffcffd549f270dc7a9b,San Juan,San Juan (Guaynabo) U.S. Export Assistance Center,US,PR,Guaynabo,"San Juan (Guaynabo) U.S. Export Assistance Center,Centro Internacional de Mercadeo, Torre II, Street 165 Suite 702,Guaynabo, PR 00968-8058,http://export.gov/puertorico/",Jose.Burgos@trade.gov,787-781-7178,,"787-775-1992,1974",D,
01c2cf1486224597788291bce825ca6e1f42877a,Savannah,Savannah U.S. Export Assistance Center,US,GA,Savannah,"Savannah U.S. Export Assistance Center,111 E. Liberty St., Suite 202,Savannah, GA 31401,http://www.export.gov/georgia/",Todd.Gerken@trade.gov,912-652-4675,,912-652-4204,D,
2f0901fbcab4c6970216ce67f14d14ebf734cfe1,Seattle,Seattle U.S. Export Assistance Center,US,WA,Seattle,"Seattle U.S. Export Assistance Center,2001 6th Avenue, Suite 2610,Seattle, WA 98121,http://export.gov/Washington/seattle/",Office.Seattle@trade.gov,206-553-7253,,206-553-5615,D,
fd0f4c55c67e0e6cede405693c8e3ff48e97f739,Shreveport,Shreveport U.S. Export Assistance Center,US,LA,Shreveport,"Shreveport U.S. Export Assistance Center,One University Place,Business Education Building 119H,Shreveport, LA 71115-2399,http://www.export.gov/louisiana",office.shreveport@trade.gov,318-676-3063,,318-676-3064,D,
cb035ed9de6209fac728a4fd454591d6aa4a65de,Sioux Falls,South Dakota Export Assistance Center,US,SD,Sioux Falls,"Sioux Falls U.S. Export Assistance Center,2001 S. Summit Ave,Augustana College / Madsen Center,Sioux Falls, SD 57197,http://www.export.gov/southdakota",Cinnamon.King@trade.gov,605-330-4266,,605-330-4265,D,
a378662a0b98ac34b93518669b6efca1cb197b5d,South Texas,South Texas U.S. Export Assistance Center,US,TX,null,"South Texas Export Assistance Center,6401 S. 36th St., Suite 4,McAllen, Texas 78503,http://www.export.gov/texas",Daniel.Rodriguez@trade.gov,956-661-0239,,956-661-0238,D,
57c58c30923317e910cc0d5e6323e85968c765dc,Southern Network Dir,Southern Regional Director,US,GA,Atlanta,"U.S. Commercial Service,230 Peachtree Street, Suite 1725,Atlanta, GA 30303",Thomas.Strauss@trade.gov,404-730-4819,,404-730-2696,D,
eba047edb8177e7fb3961587416b1707945ece07,Southwest Network Dir,Southwest Network Director,US,CO,null,"300 West Congress Street,Ste 7N1,Tucson, Arizona 85701",eric.nielsen@trade.gov,303-844-5651,,520-247-8798,D,
14643c92a82c26da5e2b8d2554bb58ccadda66e6,Spokane,Spokane U.S. Export Assistance Center,US,WA,Spokane,"Spokane U.S. Export Assistance Center,Greater Spokane Incorporated,801 W. Riverside Ave.,Spokane, WA 99201,http://www.export.gov/washington/spokane",office.spokane@trade.gov,503-326-6351,,509-344-9398,D,
90f6da0cc2ab612d699aa72dd20734012b528701,St. Louis,St. Louis U.S. Export Assistance Center,US,MO,null,"1100 Corporate Square Drive,Suite 242,St. Louis MO 63132",Office.StLouis@trade.gov,314-260-3792,,314-260-3780,D,
a5465eed81f92784043ced18da031c70697ce817,Tacoma,Tacoma U.S. Export Assistance Center is closed,US,WA,Seattle,"Please contact the:,Seattle U.S. Export Assistance Center,2001 Sixth Ave., Suite 2610,Seattle, WA 98121,http://www.buyusa.gov/seattle/",Office.Tacoma@trade.gov,206-553-7253,,206-553-5615,D,
73eff0aca2e6a2f60fbc5e937b18a9fb85247bfa,Tallahassee,Jacksonville U.S. Export Assistance Center (West),US,FL,Jacksonville,"Jacksonville U.S. Export Assistance Center,U.S. Commercial Service,3 Indpendent Drive,Jacksonville, FL 32202,http://www.export.gov/florida",Jorge.Arce@trade.gov,904-232-1271,,904-232-1270,D,
5a1a037af681f91a0d92ce36237fb19f075a7c80,Tucson,Tucson U.S. Export Assistance Center,US,AZ,Tucson,"Tucson U.S. Export Assistance Center,300 West Congress Street,Suite 7N1,Tucson, AZ 85701,http://www.export.gov/arizona/",Office.Tucson@trade.gov,520-243-1910,,520-670-5540,D,
5756d032b5a3589c32557f4383067bcfb1726bf8,Tulsa,Oklahoma U.S. Export Assistance Center,US,OK,Oklahoma City,"Oklahoma U.S. Export Assistance Center,301 N.W. 63rd Street, Suite 420,Oklahoma City, OK 74116,http://www.export.gov/oklahoma/",Office.OklahomaCity@trade.gov,,,405-608-5302,D,
95d11f20633ae1a573e6e4ef8c327808a5b026a2,Ventura County,Ventura County U.S. Export Assistance Center,US,CA,Port Hueneme,"Ventura County U.S. Export Assistance Center,333 Ponoma St.,Port Hueneme, CA 93041,http://www.export.gov/california/ventura/index.asp",gerald.vaughn@trade.gov,805-488-7801,,805-488-4844,D,
aae84a5ee5ccbf11e4334ff8750bebd097eb951f,West Texas,West Texas U.S. Export Assistance Center,US,TX,Midland,"West Texas U.S. Export Assistance Center,1400 N. FM 1788, Room 1303,Midland, TX 79707-1423,http://www.export.gov/texas/midland",harry.henson@trade.gov,432-552-3490,,432-552-2490,D,
1457916494662e06b35a4768aa1c3b52b4d8f3d4,Westchester,U.S. Commercial Service - Westchester,US,NY,White Plains,"245 Main Street, Suite 390,White Plains, NY 10601,http://export.gov/newyork/westchester",Joan.Kanlian@trade.gov,914-682-6698,,914-682-6712,D,
e3fe3a54ac32da3837869fcf2ba58e5310a781f7,Wheeling,Wheeling U.S. Export Assistance Center,US,WV,Wheeling,"Wheeling U.S. Export Assistance Center,Wheeling Jesuit University,NTTC Building, Room 134,316 Washington Ave,Wheeling, WV 26003,http://www.export.gov/westvirginia/",Diego.Gattesco@trade.gov,304-243-5494,,304-243-5493,D,
88cace9f4ea30ba5a6ffc0fa633eec61738818b5,Wichita,Wichita U.S. Export Assistance Center,US,KS, Wichita,"Wichita U.S. Export Assistance Center,300 W Douglas Ave., Suite 850, Wichita, KS 67202,http://www.export.gov/kansas/",Andrew.Anderson@trade.gov,316-462-5506,,316-263-4067,D,
ca711abf1558dd9387f4947bb008dd3ad8e8cd88,Ypsilanti,Ypsilanti U.S. Export Assistance Center,US,MI,null,"Ypsilanti US Export Assistance Center,c/o EMU College of Business,300 W. Michigan Ave., Suite 306G,Ypsilanti, Michigan 48197,http://www.export.gov/michigan",Richard.Corson@trade.gov,248-975-9606,,248-975-9600,D,
ea278cf2321b19a0d7bbc34317ada408df0c078b,Bakersfield,Bakersfield U.S. Export Assistance Center,US,CA,Fresno,"U.S. Commercial Service, Fresno & Bakersfield,801 R. Street, Suite 201,Fresno, CA 93721,http://export.gov/california/kern/index.asp",glen.roberts@trade.gov,,,661-637-0136,D,
9930fd412388ad2d541356ebef454642766da599,Montevideo,Montevideo,UY,null,Montevideo,"American Embassy,US Commercial Service,Lauro Muller 1776,Montevideo 11200,Uruguay",Office.Montevideo@trade.gov,598-2 418-8581,"Mail sent by courier delivery should be sent to American Embassy, US Commercial Service, Lauro Muller 1776, Montevideo 11200, Uruguay.  All mail sent by regular post or pouch should be sent to US Embassy Montevideo, Unit 4502, APO  AA  34035",598-21770 2322,F,
0dba6aea47e20a8866f197407714b0d33fa437e7,Abu Dhabi,Abu Dhabi,AE,null,Abu Dhabi,"American Embassy,Embassies District,Plot 38, Sector W59-02,Street No 4,Abu Dhabi, UAE",Office.Abudhabi@trade.gov,971-2-414-2228,Work Week: Sunday - Thursday,971-2-414-2304,F,
63bbba8625449bdf72a01c75d62a324df23380b9,Accra,Accra,GH,null,Accra,"# 24 Fourth Circular Rd.,Cantonments, Accra,P.O. Box 194,Accra, Ghana",office.accra@trade.gov,+233-30-274-1401,,+233-30-274-1870,F,
00c40e194655b6065a704e7581551e5348fad3f9,Addis Ababa,"Ethiopia, Addis Ababa US Embassy",ET,null,Addis Ababa,"14 Entoto Rd,Addis Ababa",Office.Ethiopia@Trade.gov,(251-11) 124-2406,,(251-11) 130-6683,F,
c8137f708db3706016fbc9b661ec137b33444ec1,Ahmedabad,Ahmedabad,IN,null,Ahmedabad,"5th Floor, Radisson Blu Hotel, Panchvati Cross Road,Off. C G Road, Ambawadi - 380 006",office.ahmedabad@trade.gov,+91 79 2656 0763,,+91 79 2656 5210,F,
d7d71d6c717ce8b36cb998c86d71b67c97ef0a06,Algiers,Algiers,DZ,null,Algiers,"5, Chemin Cheikh Bachir Ibrahimi, El Biar, Algiers, Algeria.",Nathan.seifert@trade.gov,+213-23-47-17-79,,+213-770-082-049,F,
2c88761afecc37e94ee9e3e24ff8277bd2a6a439,Almaty,Almaty,KZ,null,Almaty,"U.S. Consulate General - Almaty,U.S. Commercial Service,41 Kazibek bi St,050010, Almaty, Kazakhstan",office.almaty@trade.gov,7 (727) 250-0777,Send items to US mailing address if at all possible. We incur high brokerage fees for courier shipments to our Almaty address.,"7 (727) 727-250-7612, ext 6490",F,
61ea024cb7c961b8280e6af02dcedddf3a263c03,Amman,Amman,JO,null,Amman,"American Embassy,Commercial Section,Umaween Street, Abdoun Area,P.O. Box 354,Amman 11118 Jordan",office.amman@trade.gov,011-962-6-592-0146,Work Week: Sunday - Thursday,011-962-6-590-6632,F,
3d833bffbd049d272843f4d631c657d314799082,Ankara,Ankara,TR,null,Ankara,"ASO Building,193 Ataturk Bulvari,06600 Kavaklidere,Ankara Turkey",Office.Ankara@trade.gov,(90) 312 428-8760,"Official Mail has to be sent using the Diplomatic Pouch address.  Do not write Ankara or Turkey when using DPO address, it may cause mail to be misdirected.",(90) 312 455-5555,F,
510c765b98848f508f16b6f6e4a6aeda05328b2e,Athens,Athens,GR,null,Athens,"U.S. Embassy,U.S. Commercial Service,91 Vasilissis Sophias Avenue,GR-101 60 Athens",Office.Athens@trade.gov,+30 210 721 8660,For  courier mail use street address,  For mailing other than from the U.S. use street address but do not/do not send packages to the att. of FSNs.,+30 210 720 2303 / 720 2302,F
60455b7df8ac7b7f900eafa2180fbbf9fbaea5e0,Auckland,Auckland,NZ,null,Auckland,"Citibank Building,23 Customs Street East,Level 3,Auckland",office.auckland@trade.gov,011-649-302-3156,,011-649-309-8079,F,
c6dfae3c0f6116f2a37592d6c285a1aba69e3656,Bangalore,Bengaluru,IN,null,Bangalore,"J.W. Marriott Hotel, 9th Floor,,24/1, Vittal Mallya Road,,Ashok Nagar, Bengaluru 560001, India",office.bengaluru@trade.gov,+91 80 2227 6405,,+91 80 2227 6401,F,
5c521de0d16798dca8a7b97de098beac6118940e,Bangkok,Bangkok,TH,null,Bangkok,"American Embassy,US Commercial Service,GPF Witthayu, Tower A, Suite 302,93/1 Wireless Road,,Pathumwan, Bangkok 10330",Office.Bangkok@trade.gov,66-2-255-2915,,66-2-205-5090,F,
c0cf42ccbc69329c52d7cbc2b061b126db8c7224,Beijing,Beijing,CN,null,Beijing,"U.S. Commercial Service - Beijing,No. 55 An Jia Lou Road,,Chaoyang District,Beijing 100600, China",Office.Beijing@trade.gov,(86-10) 8531-3701,,(86-10) 8531-3000,F,
8b56b6f1cada9db06feae4f759d8cb2299a0fd4c,Beirut,Beirut,LB,null,Beirut,"Commercial Section,American Embassy,PO Box 70-480,Awkar, Lebanon",Naaman.Tayyar@trade.gov,961-4-541-788,Work Week: Monday - Friday,961-4-544-860,F,
6c4effe387552ea604e218ef8f7c796a0fc80ebe,Belgrade,"Belgrade, Serbia",RS,null,Belgrade,"U.S. Embassy Belgrade,Bul. Kneza Aleksandra Karadjordjevica 92,11040 Belgrade",suzanne.platt@trade.gov,,,+381 11 706 4072,F,
8129bf83202b7eda6fd05bf958e0dd311371b428,Belo Horizonte,Belo Horizonte,BR,null,Belo Horizonte,"Av. Contorno, 4520 - 2nd floor,Funcionarios,30110-028 Belo Horizonte (MG),Brazil",Office.BeloHorizonte@trade.gov,+55 31 3338-4007,,+55 31 3338-4000,F,
d8b3645c9bd48b4e6a2572388ad47380df2674f9,Berlin,Berlin,DE,null,Berlin,"American Embassy,U.S. Commercial Service,Clayallee 170,14191 Berlin",Office.Berlin@trade.gov,+49 30 8305 1949,Use APO address whenever possible,+49 30 8305 1940,F,
3fe7320349ad339315fc056b5a35d3855cd5eeb4,Bern,"Switzerland, Bern US Embassy",CH,null,Bern,"19 Sulgeneckstrasse,CH-3007 Bern, Switzerland",Sandor.Galambos@trade.gov,+41 31 357 7336,,+41 31 357 7237,F,
dabb07d90b988642e50ef7c740284971daa7f3cd,Bogota,Bogota - GBI Post,CO,null,Bogota,"Embajada de los Estados Unidos de America,Oficina Comercial,Carrera 45 No 24B-27,Bogota, D.C. COLOMBIA",Office.Bogota@trade.gov,011 571 275 4575 / 275 4575,Use US Priority mail.  Do not use a courier,011 571 275 2519,F,
f50bb6d1be215fcd057e4e6c0308351950961473,Brasilia,Brasilia,BR,null,Brasilia,"SES - Av. das Nações, Quadra 801, Lote 03,Brasilia - DF,70403-900",Office.brasilia@trade.gov,55-61-3312-7656,,55-61-3312-7418,F,
0886e08c36123c5f54e377c08ab5de0445b4869e,Bratislava,Slovak,SK,null,Bratislava,"Embassy of the United States of America,U.S. Commercial Service,Hviezdoslavovo nam.5,811 02 Bratislava",Office.Bratislava@trade.gov,+421 2 5922 3345,"When sending mail to our local address or by courier service package (FedEx, DHL, etc.), please use the following address:  Americke Velvyslanectvo, U.S. Commercial Service, Hviezdoslavovo namestie 5, 811 02 Bratislava, Slovak Republic",+421 2 5922 3222,F,
c5e50f7fbbbeecbaf58adde4de9530286d269441,Brussels,U.S. Commercial Service Brussels,BE,null,Brussels,"American Embassy,US Commercial Service,Regentlaan 27 Boulevard du Regent,1000 Brussels,Belgium",Office.Brussels@trade.gov,+32 2 512 3644,APO mail should be addressed to SCO,+32 2 811 4496,F,
9d2e31a43a8c0c7f165017a4465eb1becee5965a,Bucharest,Bucharest,RO,null,Bucharest,"Commercial Section,U.S. Embassy,4-6, Dr. Liviu Librescu Blvd.,,District 1, Bucharest 015118,,Romania",office.bucharest@trade.gov,(40-21) 316-0690,Courier delivery using the above Street Address, by pouch using the above Mailing address.,(40-21) 200-3372,F
c4d0ad83cb7d6f44892f073b934092b45e898f82,Budapest,Hungary,HU,null,Budapest,"American Embassy,US Commercial Service,Szabadsag ter 12.,H-1054 Budapest",Office.Budapest@trade.gov,011-36-1-475-4205,"Please note that if the Washington DC address is used, expect 3-4 weeks for delivery.  For courier service, please use the Budapest address.",011-36-1-475-4090,F,
fe930c7fb78cd79a9441b3fdbb72277ed09c92e8,Buenos Aires,Buenos Aires,AR,null,Buenos Aires,"Av. Colombia 4300,C1425GMN Buenos Aires",office.buenosaires@trade.gov,(54-11) 5777-4203,Please use the mailing address from U.S.,(54-11) 5777-4753,F,
a57b661d8533bee084d4d656c61940c128e44617,Cairo,Cairo,EG,null,Cairo,"American Embassy,US Commercial Service,8 Kamal El Din Salah St.,Garden City, Cairo,EGYPT",Office.Cairo@trade.gov,011-20-2-795-8368,By APO,011-20-2-797-2340,F,
1eba81b70bce2d8cc37d84c1971e22ab45924841,Calgary,Calgary - GBI Post,CA,null,Calgary,"10th floor,615 Macleod Trail SE,Calgary AB   T2G 4T8",Office.Calgary@trade.gov,403-266-4743,,403-265-2116,F,
c04b4073aa8d1714b4c46306bc3e4cf592d99a31,Cape Town,Cape Town,ZA,null,Cape Town,"U.S. Consulate General Cape Town,2 Reddam Avenue, West Lake,Cape Town, South Africa 7945",office.capetown@trade.gov,(27-21) 702-7402,,(27-21) 702-7300,F,
6409c9e1466bb5c05a03e6fc0117291aa626f90f,Casablanca,Casablanca,MA,null,Casablanca,"8, blvd. Moulay Youssef,Casablanca 20250",Office.Casablanca@trade.gov,212-522-22-02-59,,212-522-26-45-50,F,
7d00979731f31e47031a7fc022468e3a36a276a6,Chengdu,Chengdu,CN,null,Chengdu,"No. 4,  Lingshiguan Road,Section 4, Renmin Nan Lu,Chengdu, China 610041",Office.Chengdu@trade.gov,+86 28 85589221,,+86 28 85583992,F,
beb3ec2a7cdbbc3400bc405f7f5a34e327d385af,Chennai,Chennai,IN,null,Chennai,"220 Anna Salai,Chennai 600006",office.chennai@trade.gov,+91 44 2857 4212,,+91 44 2857 4477,F,
391c6951ba9759eaeb3a9982bf448b8a05f0fc86,Copenhagen,Copenhagen,DK,null,Copenhagen,"Commercial Service Copenhagen,Dag Hammarskjölds Alle 24,DK-2100 Copenhagen O",office.copenhagen@trade.gov,n/a,,011-45-33417315,F,
6dcd743aa3baa5e57da665603cb0cfdc146a3b02,Dar es Salaam,"Tanzania, Dar es Salaam US Embassy",TZ,null,Dar es Salaam,"U.S. Embassy Dar es Salaam,P. O. Box 9123,Plot 686 Old Bagamoyo Road,Msasani, Kinondoni District",Patricia.Wagner@trade.gov,255 (22) 266-8238,Please contact post about DPO and Pouch addresses,(255) 22 2294000,F,
77c9fb25fc2cce5b1efd8d8c9d2fe33c8e451752,Dhahran,Dhahran,SA,null,Dhahran,"Prince Faisal bin Fahad St., between Aramco HQ and the old Dhahran Airport,Dhahran,P.O. Box 38955, Dhahran (Doha) 31942",Office.Dhahran@trade.gov,+966-(0)13-330-2190,,+966-(0)13-330-3200,F,
52885fe4926ff81526b7f375d375cf9c561cfaea,Doha,Doha,QA,null,Doha,"United States Embassy - Commercial Section,22nd February Street,Al-Luqta,Doha,State of Qatar",ilona.shtrom@trade.gov,974-4488-4163,,974-4496-6000,F,
39d133861d4865d795c8aeb0296684499c3a5a94,Dubai,Dubai,AE,null,Dubai,"American Consulate General,U.S. Commercial Service,Umm Hurair 1, Bur Dubai,Dubai, U.A.E.",Office.Dubai@trade.gov,+971-4-354-7090,Please allow 4-6 weeks for pouch delivery.,+971-4-309-4000,F,
3aa31f6fa4cf2010b8cb0420d3bd8085af53e3a6,Dublin,Dublin,IE,null,Dublin,"American Embassy,US Commercial Service,42 Elgin Road, Ballsbridge,,Dublin 4",office.dublin@trade.gov,353-1-667-4754,"For courier delivery, use street address.  For sending regular mail, use mailing address.",353-1-237-5850,F,
69e9590e5b14b1adaa0ab1ecb9987778ab6fe605,Dusseldorf,Dusseldorf,DE,null,Dusseldorf,"American Consulate General,US Commercial Service,Willi-Becker-Allee 10,40227 Dusseldorf",Office.Dusseldorf@trade.gov,+49 211 737 767 67,,+49 211 737 767 0,F,
feb3d562f2751c4a98bb068c347c2e24baa4d717,European Union,U.S. Mission to the European Union,European Union,null,null,"U.S. Mission to the European Union,U.S. Commercial Service,Zinnerstraat 13 Rue Zinner,BE-1000 Brussels,*****,Mailing Address:,U.S. Mission to the European Union,U.S. Commercial Service,Regentlaan 27 Boulevard du Regent,BE-1000 Brussels",Office.BrusselsEC@trade.gov,+32-2-811-5151,,+32-2-811-4817,F,
d956d71f74c151aab435451558f8262bca0cc82b,Frankfurt,Frankfurt,DE,null,Frankfurt,"American Consulate General,U.S. Commercial Service,Giessener Str. 30,60435 Frankfurt,Germany,http://www.export.gov/germany/",Office.Frankfurt@trade.gov,+49 69 7535 3171,,+49 69 7535 3120,F,
6c256366d65939f750effbd974892df2e26e3ed9,Guadalajara,Guadalajara,MX,null,Guadalajara,"U.S. Commercial Service,World Trade Center, Torre Pacifico piso 4,Mariano Otero No. 1249,Col. Rinconada del Bosque,44530 Guadalajara, JAL,Mexico",Office.Guadalajara@trade.gov,52-33-3615-7665,"Send promotional materials for Gold Keys, IPSs, shows, missions, etc. via express mail courier service to the street address.  Do not use the Laredo address.  Specify ""no commercial value"" on the mailing label.",52-33-3615-1140,F,
f2e20cfe3c00f2f7261ff38ad66446b0d3f09e07,Guangzhou,Guangzhou,CN,null,Guangzhou,"American Consulate General Guangzhou,US Commercial Service,NO.43 Hua Jiu Road, Zhujian New Town,Guangzhou, 510623,China",office.guangzhou@trade.gov,0086-20-3814-5310,Please mail via courier to street address if possible.  Packages send to Washington mailing address takes at least two weeks to arrive.,0086-20-3814-5000,F,
948c9d3f7761738e1850c8597c8a0e8ca1838246,Guatemala City,Guatemala City,GT,null,Guatemala City,"Avenida de la Reforma 7-01, Zona 10,01010 Guatemala",Office.Guatemala@trade.gov,011-502-2331-7373,Please consult with us before shipping any material/correspondence to our office.,011-502-2326-4000,F,
36b07b49affe70b78be96c76d27d149110109bde,Hanoi,Hanoi,VN,null,Hanoi,"U.S. Embassy,U.S. Commercial Service,Rose Garden Tower,170 Ngoc Khanh Street,Hanoi,Vietnam",Office.Hanoi@trade.gov,84-24-3850-5064,"For courier delivery, use the above street address; For official pouch, use the above mailing address",84-24-3850-5199,F,
39e454492df4a3f0b959264237158fec3d8f138e,Helsinki,Helsinki,FI,null,Helsinki,"American Embassy,US Commercial Service,Itainen Puistotie 14 B,FIN-00140 Helsinki,Finland",Office.Helsinki@trade.gov,,,(358) 9 616 250,F,
552d5d3b56125f6aec1df8d21ce6a2e2f546e5cb,Ho Chi Minh City,Ho Chi Minh City,VN,null,Ho Chi Minh City,"U.S. Consulate General,U.S. Commercial Service,Diamond Plaza, 8F,34 Le Duan Street, District 1,Ho Chi Minh City,Vietnam",Office.HoChiMinhCity@trade.gov,+84-28-3520-4679 / 81,"For courier delivery, use the above street address; For pouch, use the above mailing address",+84-28-3520-4680,F,
2a273be9fa803a4cde8e13a28900ae967bf0cd77,Hong Kong,Hong Kong,HK,null,Hong Kong,"American Consulate General,U.S. Commercial Service,26 Garden Road, Central,Hong Kong",office.hongkong@trade.gov,011-852-2845-9800,"For courier delivery, use the street address.  For sending regular mail or pouch, use the mailing address from U.S.",011-852-2521-1467,F,
e6520a4f86c8bf710091421e9fa868edce3be27d,Hyderabad,Hyderabad,IN,null,Hyderabad,"# 152, Hotel Taj Deccan, Banjara Hills,Hyderabad - 500 034. INDIA",office.hyderabad@trade.gov,+91 40 2330 0130,,+91 40 2330 5000, 2330 4025,F
99cde051c42f17f2c23d6d24ff04928a9873313c,Islamabad,Islamabad,PK,null,Islamabad,"American Embassy,Diplomatic Enclave,Ramna-5,Islamabad, PAKISTAN",Steve.Knode@trade.gov,92-51-282-3981,Use DPO address for regular mail.  FEDEX to the street address.      Work Week: Monday - Friday,92-51-201-4000,F,
1cf055b178933a8772f700482a87e1932b3fbe24,Istanbul,Istanbul,TR,null,Istanbul,"U.S. Commercial Service Istanbul,Istinye Mahallesi,Kaplicalar Mevkii No. 2,Istinye Istanbul,Turkey TR-34460",Office.Istanbul@trade.gov,(90-212) 335-9103,Please note that APO regulations require mail to be addressed to the American officer at post and not directly to the FSN staff.,(90-212) 335-9040,F,
090bea0e7b2545e4b668cd676b91e767ed23b716,Izmir,Izmir,TR,null,Izmir,"U.S. Commercial Service,Ataturk Caddesi, 126,Kat:5,35210 Pasaport,Izmir",Office.Izmir@trade.gov,90-232-489-0267,,90-232-441-2446,F,
12fdd588d3672d13105eadf3fcabd1ec7744f7f2,Jakarta,Jakarta,ID,null,Jakarta,"American Embassy,US Commercial Service,World Trade Center 6, 3rd Floor,Jl. Jendral Sudirman Kav. 29-31,Jakarta 12920",office.jakarta@trade.gov,(62-21) 526-2855,,(62-21) 526-2850,F,
d21c05423bf9c33a011f0c3bd3382254a606ceb2,Jeddah,Jeddah,SA,null,Jeddah,"U.S. Commercial Service,American Consulate General,Palestine Rd., Ruwais,P. O. Box 149,Jeddah 21411, Saudi Arabia",Office.Jeddah@trade.gov,+966-(0)12-664-4148,,+966-(0)12-667-0080,F,
e59f9c4388b571e55e19d85b03deb1d016c64185,Jerusalem,"Office Jerusalem, covering the West Bank market",IL,null,Jerusalem,"Ground Floor,19 Keren Hayesod Street,91008  JERUSALEM",office.jerusalem@trade.gov,(972-2) 623-5132,,(972-2) 625-5201,F,
0a09a1d44ecf5343bb52d5f04b7866340e0dc028,Johannesburg,Johannesburg,ZA,null,Johannesburg,"1 Sandton Drive,Sandhurst, 2196,Johannesburg",office.johannesburg@trade.gov,27 11 884 0253,"Please note that shipments to the Washington, DC address will take approximately three weeks to arrive in South Africa.",27 11 290 3120,F,
a7d179826567260bb0549302488c47a104b8177b,Kaohsiung,American Institute in Taiwan - Kaohsiung,TW,null,Kaohsiung,"5 FL. No. 88, Chenggong 2nd Road, Kaohsiung 80661, Taiwan",Office.Kaohsiung@trade.gov,88673380551,,88673355006 Ext. 6120,F,
b5adf7ddc84afb9fcd693ac1e2617fa32f305779,Karachi,Karachi,PK,null,Karachi,"3, 4, 5, New TPX Area, Mai Kolachi Road,,Karachi, Pakistan.",Malik.Attiq@trade.gov,92-21-3561-2413,Mail care of SCO in Islamabad,92-21-3527-5017,F,
1d47e31837d376ef1c10083a244f8a51a3d75c8f,Kiev,Kiev,UA,null,Kiev,"4,Igor Sikorsky Street (formerly Tankova St.),Kyiv, Ukraine 04112",office.kiev@trade.gov,380 (44) 521-5727,For expedited delivery - use courier addressed to our international address.,380 (44) 521-5244,F,
87b72b5315083890d539ae921191ba9276e09d8b,Kolkata,Kolkata (Calcutta),IN,null,Kolkata,"The American Center,38-A, Jawaharlal Nehru Road,,Kolkata (Calcutta) 700 071",office.calcutta@trade.gov,+91 33 3984 6353,Please allow 3 weeks,+91 33 3984 6402,F,
b83a869e0331398bba08736bcbd30553049319d5,Rangoon,Rangoon,MM,null,Rangoon,"American Embassy Rangoon,US Commercial Service,110 University Ave,Kamayut Township 11041,Yangon, Myanmar",DesaiMS@state.gov,,,95-1 536-509 x4435,F,
5f246096b6f844d5b32e99fe6eeb774a5a95ca9d,NordicRegion-Denmark,Nordic Region - Denmark,SE,null,NordicRegion-Denmark,null,office.Copenhagen@trade.gov,N/A,,46-8-783-5346,F,
4a715462740d29f529a8f8577a8c75a76bcce953,Kuala Lumpur,Kuala Lumpur,MY,null,Kuala Lumpur,"US Embassy Kuala Lumpur,US Commercial Service,376 Jalan Tun Razak,50400 Kuala Lumpur",office.kualalumpur@trade.gov,60-3-2142-1866,Work Week: Monday - Friday,60-3-2168-5000,F,
bce341208dc28be4fef38f933afe3715aa5aef3d,Kuwait City,Kuwait City,KW,null,Kuwait City,"U.S. Commercial Service,Masjed Al Aqsa St.,Block 14, Bayan, Kuwait,P.O. Box 77, Safat, 13001,Kuwait City, Kuwait",office.kuwaitcity@trade.gov,965 2259-1271,Work Week: Sunday-Thursday    EST + 8 (winter) or est+ 7 (April-Oct),965 2259-1011,F,
dca7a63ce85afd8c361fbb236b494e640d96cc5e,Lagos,Lagos,NG,null,Lagos,"American Consulate General,US Commercial Service,2 Walter Carrington Crescent, Victoria Island,Lagos, Nigeria",Office.Lagos@trade.gov,N/A,"U.S. Mail, Courier services (e.g. Fedex, UPS) accepted.   Package size/weight restrictions.",011-234-1 460-3581,F,
5fc56576703015de5ac929c1de8ae95cf9891d4e,Lahore,Lahore,PK,null,Lahore,"American Consulate,50 Shahrah-E-Bin Badees,Lahore",Aftab.Qamar@trade.gov,92-42-603-4229,Mail APO care of SCO in Islamabad.,92-42-603-4000,F,
6bfff5613868238c88c0d108f5ca82f5832e6d0f,Lima,Lima,PE,null,Lima,"U.S. Embassy,Commercial Section,Avenida La Encalada Cuadra 17 s/n,Monterrico, Surco,Lima 33 - Peru",Office.Lima@trade.gov,011-511-434-3041,"We strongly prefer that you use US mail addressed to our Pouch address.  For courier service, please use the street address.  Note:  for courier service, please specify that you are sending documents with no commercial value.  Thank you!",011-511-434-3040 / 618-2442,F,
dbbf2ab2038619ca475b76cf459a50337a529f0c,Lisbon,Lisbon,PT,null,Lisbon,"American Embassy Lisbon,U.S. Commercial Service,Avenida das Forcas Armadas,1649-044 Lisbon",Office.Lisbon@trade.gov,011-351-21-726-8914,"When using courier, please use DHL or UPS to the street address",011-351-21-770 2528 / 727 3300,F,
1f986ac0c8e04b91217221489190ad28bb1bd629,London,London,GB,null,London,"U.S. Embassy London,U.S. Commercial Service,33 Nine Elms Lane,London SW11 7US,United Kingdom",Office.London@trade.gov,,,+44 20 7891 3419,F,
07cbc2717de899667602198831394555c3ed7ac4,NordicRegion-Finland,Nordic Region - Finland,SE,null,NordicRegion-Finland,null,office.Helsinki@trade.gov,N/A,,46-8-783-5346,F,
1530ba91506a5723d0578693a064c38bb2706ff2,Luanda,"Angola, Luanda US Embassy",AO,null,Luanda,"Rua Houari Boumedienne #32,Luanda",everett.wakai@trade.gov,N/A,,244-222-641-000,F,
504a2dae9c91cf7b5d5c21450eca114e36819b84,Madrid,Madrid,ES,null,Madrid,"U.S. Commercial Service,Embassy of the United States of America,Serrano, 75,28006 Madrid,SPAIN",office.madrid@trade.gov,+34-91-563-0859,,+34-91-564-8976,F,
b95f41aa423e0bfd496f94bcfcff84b002f59835,Manila,Manila,PH,null,Manila,"U.S. Commercial Service,Embassy of the United States of America,1201 Roxas Boulevard,Manila 0930, Philippines",businessphilippines@trade.gov,011-632-521-0416,Speak with Post regarding customs forms.,011-632-301-4249,F,
9f0b9004b7e546c450652e08d6b8d101de636dcc,Maputo,"Mozambique, Maputo US Embassy",MZ,null,Maputo,"JAT Complex 3, 3rd Floor,Maputo",Tamarind.Murrietta@trade.gov,,MAIL VIA DULLES - DO NOT USE INTERNATIONAL MAIL.,258 21 35 54 18,F,
9ad649001879114b21283b587d98edb2db68d087,NordicRegion-Norway,Nordic Region - Norway,SE,null,NordicRegion-Norway,null,office.Oslo@trade.gov,N/A,,46-8-783-5346,F,
dc2032b1353095dfc8dd152f5f9416a48abeff9b,Mexico City,Mexico City,MX,null,Mexico City,"American Embassy,U.S. Commercial Service - Mexico City,Liverpool 31, Col. Juarez,06600 Mexico, D.F.",Office.MexicoCity@trade.gov,52-55-5080-2199,"All promotional materials for Gold Keys, missions, IPSs, shows, etc. should be sent to the street address using a courier service. Using regular mail or the P.O Box address will delay delivery.  On mailing label, claim ""no commercial value.""",52-55-5080-2000,F,
9b8a1402bc426cb4d34fa4ad6970a600bd992517,Milan,Milan,IT,null,Milan,"American Consulate General,U.S. Commercial Service,Via Principe Amedeo 2,20121 Milan,Italy",Office.Milan@trade.gov,011-39-02-659-6561,,011-39-02-626-8851,F,
77a8d56be3ee9f7551a0410fd90ee8a801da8f86,Monterrey,Monterrey,MX,null,Monterrey,"U.S. Consulate General Monterrey,U.S. Commercial Service,Prolongacion Avenida Alfonso Reyes #150,Col. Valle Poniente,66196 Santa Catarina, Nuevo Leon, Mexico",eric.olson@trade.gov,,,(52-81) 8047-3450,F,
167e2290aca67c1a93f379d06d9f6bc1737ae119,Montreal,Montreal,CA,null,Montreal,"1155 St-Alexander St.,Montreal, Quebec H3B 3Z1",Office.Montreal@trade.gov,514-398-0711,,"514-398-9695, ext. 2220",F,
23310a2b0d7a8e2f56432b64913f2f170036d383,Moscow,Moscow,RU,null,Moscow,"American Embassy,US Commercial Service,Bolshoy Deviatinsky Pereulok, 8,Moscow, 121099",office.Moscow@trade.gov,7-495-728-5585,All couriered items should be sent via DHL - DO NOT USE FedEx,7-495-728-5580,F,
226010e86063a1c9b9799fb166de5605e876318d,Mumbai,Mumbai,IN,null,Mumbai,"US Commercial Service,American Consulate General,C-49, G-Block, Bandra Kurla Complex (BKC),Bandra (E), Mumbai - 400 051.",office.mumbai@trade.gov,+91 22 2672 4400,Please allow three weeks via pouch,+91 22 2672 4000,F,
de8ce6f858763cbdbefc697cd1430b74f2c01c5f,Munich,Munich,DE,null,Munich,"American Consulate General,U.S. Commercial Service,Koeniginstr. 5,80539 Munich",office.munich@trade.gov,+49 89 28 52 61,,+49 89 2888 754,F,
dc29a4ad430a9bba14d50381086a507d883f2ff1,Nairobi,Nairobi,KE,null,Nairobi,"U.N. Avenue Gigiri,P.O. Box 606 Village Market,00621 Nairobi",Office.Nairobi@trade.gov,254-20-363-6722,,254-20-3636000 ext. 6424,F,
a0def0bba588f85b5f87a975d107cbd847e626f1,New Delhi,New Delhi,IN,null,New Delhi,"The American Center,24 Kasturba Gandhi Marg,New Delhi 110 001",office.newdelhi@trade.gov,+91 11 2331 5172,Please allow 3 weeks for pouch,+91 11 2347 2000,F,
41935eeda16547473b812b8046e9ac190183cd2b,Osaka-Kobe,Osaka-Kobe,JP,null,Osaka-Kobe,"American Consulate General,US Commercial Service,2-11-5 Nishitenma, Kita-Ku,Osaka  530-8543",Office.Osaka-Kobe@trade.gov,81-6-6315-5963,"Regular post  or pouch mail using above Mailing Address, or international courier delivery using the above Street Address.",81-6-6315-5957,F,
871b92b1cf8b06b118823a1179ab2a2f8f88dd39,Oslo,Oslo,NO,null,Oslo,"American Embassy,U.S. Commercial Service,Morgedalsvegen 36,0244 Oslo,Norway",office.oslo@trade.gov,n/a,http://export.gov/norway/,(47) 21 30 88 66,F,
ca0ead9f7d1504712b3428f9028f077db9e74134,Ottawa,Ottawa,CA,null,Ottawa,"American Embassy,US Commercial Service,490 Sussex Drive,Ottawa, Ontario K1N 1G8",Office.Ottawa@trade.gov,613/238-5999,,613/688-5217,F,
b4db849dff0b19e1ec95430ac468fc9842a8bdf7,Panama City,Panama City,PA,null,Panama City,"Antigua Base de Clayton,Edificio 783,Calle Demetrio Basilio Lakas,Panama, Rep. de Panama",John.Coronado@trade.gov,(507) 317-5573,"For courier street address, for regular mail from any post  the mailing address",(507) 317-5000,F,
5f89935fcd568697c731608c3f74a47ffb680785,Perth,Perth,AU,null,Perth,"American Consulate General,US Commercial Service,Level 4, 16 St. Georges Terrace,Perth WA 6000 Australia,http://www.export.gov/australia",office.australia@trade.gov,011-61-8-9231-9444,,011-61-8-6144-5149,F,
7bdf8b5c63ceea68e2d23f308a27be318344d9ef,Recife,Recife,BR,null,Recife,"Rua Gonçalves Maia, 163 - Boa Vista,50070-060 - Recife – PE",Office.Recife@trade.gov,55-81-3231-1906,,55-81-3416-3075,F,
812092d5ffb47f69bcec0422d3923750e1cbab84,Rio De Janeiro,Rio de Janeiro,BR,null,Rio De Janeiro,"Av. Presidente Wilson, 147 / 4º Andar,Rio De Janeiro  RJ  20030-020",Office.riodejaneiro@trade.gov,55-21-3823-2424,,55-21-3823-2000,F,
0b85075747d4bb6ed9029846de994532227ad561,Riyadh,Riyadh,SA,null,Riyadh,"Street Address (not Mailing Address):,American Embassy,Abdullah al-Sahmi St.,Diplomatic Quarter,Riyadh 11693, Saudi Arabia,Mailing Address (Local):,American Embassy,P.O. Box 94309,Riyadh 11693, Saudi Arabia",Office.Riyadh@trade.gov,+966-(0)11-488-3237,Work Week: Saturday - Wednesday,+966-(0)11-488-3800,F,
7df8b7b065c6550b7f9c5c27b6cecbdcc2162072,Rome,Rome,IT,null,Rome,"American Embassy,U.S. Commercial Service,Via Vittorio Veneto 119/A,00187 Rome,Italy",Office.Rome@trade.gov,011-39-06-4674-2113,,011-39-06-4674-2382,F,
34712ca1afb59cffcc49ae2e9f86fc01ca47461d,San Jose,Costa Rica,CR,null,San Jose,"Embajada de Estados Unidos FCS,Carretera a Pavas,Frente al Centro Commercial del Oeste,Pavas, San Jose",Office.SanJose@trade.gov,506 2231-4783,"If sent via UPS or Fedex,  please write down ""Diplomatic Cargo"" (to avoid import duties and waiting time on delivery)",506 2220-2454,F,
43d57374eaefe21815a8406fed94d58ced623876,San Salvador,El Salvador - Central America,SV,null,San Salvador,"U.S. Embassy (FCS),Final Blvd. Santa Elena, Antiguo Cuscatlan, La Libertad, El Salvador, C.A.",office.sansalvador@trade.gov,(503) 2501-3067 or  2298-0711,"Courier services must be addressed to the local Street Address, Attention FCS Office",(503) 2501-3211,F,
54ab98dd99271b5855f8ffc2e6165987af0bc8b1,Santiago,Santiago,CL,null,Santiago,"U.S. Embassy/Department of Commerce,Av. Andres Bello 2800, Las Condes,Santiago, Chile 755-0006",office.santiago@trade.gov,011-56-22-330-3172,Send brochures ONLY via USPS to DPO.  Other methods may result in delay or high customs charges.  Please put PRIORITY for any USPS mail.,011-56-22-330-3316,F,
050ee11215e4adbffc226c3a8e4fea205ef7ca50,Santo Domingo,Santo Domingo,DO,null,Santo Domingo,"Ave. República de Colombia No. 57,Arroyo Hondo, Santo Domingo,Dominican Republic",office.santodomingo@trade.gov,1809-922-7739,Use weight and space restrictions for APO.,1809-368-7249,F,
e8ca4d6b904a1c25b7b16db544f69127405ee6c9,Sao Paulo,São Paulo,BR,null,Sao Paulo,"Rua Henri Dunant, 700,Chacara Santo Antonio,04709-110 - Sao Paulo - SP,Brazil",Office.SaoPaulo@trade.gov,55/11/3250-5399,,55/11/3250-5172,F,
76fa85a6d6406d068d317b9f0fc611f682182ed9,Seoul,Seoul,KR,null,Seoul,"American Embassy,U.S. Commercial Service,188, Sejong-daero, Jongno-gu,Seoul  110-710",Office.Seoul@trade.gov,82-2-739-1628,,82-2-397-4535,F,
ddff3ee48971ad92af016e7ecc14ea7960a8f295,Shanghai,Shanghai,CN,null,Shanghai,"Shanghai Center,Suite 631, East Tower,1376 Nanjing Xi Lu,Shanghai, China  200040",office.shanghai@trade.gov,011-86-21-6279-7639,,011-86-21-6279-7630,F,
31ee52e7cc864d4776ddb422731ed92789bffe67,Shenyang,Shenyang,CN,null,Shenyang,"52 Shi Si Wei Road, Heping District,Shenyang, 110003",Taylor.Moore@trade.gov,011-86-24-2322-2206,,011-86-24-2322-1198,F,
3dd3393ea410678eb9c0de86cdd649283762a29b,Singapore,Singapore,SG,null,Singapore,"American Embassy,U.S. Commercial Service,27 Napier Road,Singapore,258508",office.singapore@trade.gov,65-6476-9080,,65-6476-9037,F,
31b09b1df35b613b4fcef659f93eae0e49a4fa09,Sofia,Sofia,BG,null,Sofia,"American Embassy,U.S. Commercial Service,16, Kozyak St.,1408 Sofia,Bulgaria",Office.Sofia@trade.gov,359-2-939-5735,Postage for both Pouch and APO is U.S. domestic mail rate.,359-2-939-5784,F,
8505f0416d7cab6e34dd57d4ea6c74059ebe0440,Stockholm,Stockholm,SE,null,Stockholm,"Embassy of the United States,US Commercial Service,Dag Hammarskjölds Väg 31,SE -115 89, Stockholm,SWEDEN",Stockholm.office@trade.gov,N/A,"Clients should note that correspondence sent to the U.S. mailing address takes about 15 days to reach Stockholm.  Time-sensitive materials should be sent either by U.S. mail to the street address, or via courier or express delivery service.",46-8-783-5346,F,
bcf911b0c460353ff6088ccb413a9e40516e4f4c,Sydney,Sydney,AU,null,Sydney,"American Consulate General,US Commercial Service,Level 59, MLC Centre,19-29 Martin Place,Sydney NSW 2000",office.australia@trade.gov,,As above. Use street address if sending material via courier.,011-61-2-9373-9202,F,
6d7a60de9ffaf80354ba5bdfa61c477283056798,Taipei,American Institute in Taiwan - Taipei,TW,null,Taipei,"American Institute in Taiwan,32nd Floor,333 Keelung Road Section 1,Suite 3207,Taipei 110",Office.Taipei@trade.gov,+886-2-2757-7162,,+886-2-2720-1550,F,
776a7e0b239f7f14679b74dd04268e692c417229,Tegucigalpa,Tegucigalpa – GBI Post,HN,null,Tegucigalpa,"Embajada Americana,U.S. Commercial Service,Avenida La Paz,Tegucigalpa M.D.C., Honduras",Office.Tegucigalpa@trade.gov,,,011-504-2236-9320,F,
9ce8c88b222d1943a3e6260d05e65d3613028921,Tel Aviv,"Office Tel Aviv, Covering the Israeli market",IL,null,Tel Aviv,"Embassy of the United States of America,71 Hayarkon Street,Tel Aviv 6343229",office.telaviv@trade.gov,+972-3-519-8530,Work Week: Monday - Friday,+972-3 -519-8500,F,
f9d328aa6f171318833330e510bfde473571cc6b,The Hague,The Hague,NL,null,The Hague,"American Embassy,John Adams Park 1,2244 BZ Wassenaar",office.netherlands@trade.gov,N/A,,+31-70-3102417,F,
3db8b73d5f3f83e790c4202f9d6860b91cb2b89a,Tokyo,Tokyo,JP,null,Tokyo,"American Embassy,U.S. Commercial Service,1-10-5 Akasaka, Minato-ku,Tokyo 107-8420",Office.Tokyo@trade.gov,81-3-3224-5064,,81-3-3224-5060,F,
fbe05208857158f3d3718826e0b5bef5f01b4354,Toronto,Toronto,CA,null,Toronto,"U.S. Commercial Service,480 University Avenue, Suite 602,Toronto, Ontario,CANADA  M5G 1V2,Canada Mailing Address: 360 University Avenue,Toronto, Ontario, Canada M5G 1S4",Office.Toronto@trade.gov,(416) 595-5419,,(416) 595-5412,F,
9234ee8d3e8399a0b030022a339c05eb935000dd,Tripoli,Libya External Office (LEO),LY,null,Tripoli,null,sarmientogg@state.gov,N/A,Contact Post for appropriate mailing address,unknown,F,
73ec2728411fe5148f89c28fbfc22cc2a69d53ee,Vienna,Austria,AT,null,Vienna,"American Embassy,US Commercial Service,Boltzmanngasse 16,A-1091 Vienna",office.vienna@trade.gov,011-43-1-310-6917,"Please use the ""street address"" to mail any time-sensitive materials.  The Diplomatic Postal Office (DPO) uses domestic U.S. Postal Service rates but does not provide express delivery..",011-43-1-313-39-2296,F,
193d794fdaf077f7bd4d39ae25779dbf0cd1b31a,Warsaw,Poland,PL,null,Warsaw,"U.S. Commercial Service,American Embassy,IPC Business Center,ul. Koszykowa 54, 4th Floor,00-675 Warsaw",office.warsaw@trade.gov,48 22 621 6327,,48 22 625 4374,F,
da46c83159c41ac7013b555d156e182dc17328fa,Wellington,Wellington,NZ,null,Wellington,"U.S. Commercial Service,American Embassy,29 Fitzherbert Terrace,Thorndon, Wellington",Office.Wellington@trade.gov,011-644-473-0770,,011-644-462-6002,F,
ba41f5604c453bc4bb47a3a3aec62e343769ea3e,Wuhan,Wuhan,CN,null,Wuhan,"U.S. Commercial Service - Wuhan,47F New World International Trade Tower I,NO. 568, Jianshe Avenue,Hankou, Wuhan, 430022, China",Jing.Wang@trade.gov,86-27-8555-7761,FPO mail will continue to be forwarded VIA Beijing,86-27-8555-7791,F,
1104ba40b10a6c5b3842b9860660ad48a6b3f7aa,Zagreb,Zagreb,HR,null,Zagreb,"U.S. Commercial Service,American Embassy,Thomasa Jeffersona 2,10010 Zagreb, Croatia",office.zagreb@trade.gov,011-385-1-661-2446,Please allow three weeks if using the above State Dept pouch address,011-385-1-661-2224,F,
424ec5583a789617b7c6ba239e732206c0072aea,Prague,Czech Republic,CZ,null,Prague,"Trziste 15,118 01 Praha 1,Czech Republic",Office.Prague@trade.gov,420-257-02-2810,"For courier/express deliveries, use street address. Mailing address from the U.S. is for official post only, but takes 2-3 weeks for delivery.",420-257-022-434,F,
ae30be981912cfa551ef6518610f05c0561e8b37,Paris,Paris,FR,null,Paris,"U.S. Embassy,U.S. Commercial Service,2, avenue Gabriel,75008 Paris cedex 08,France,[office location: 14 bd Haussmann, 4th floor]",office.paris@trade.gov,[33] (0)1 43 12 70 50,"For international mail, please address items to:  U.S. Embassy, U.S. Commercial Service - NEO, 18 avenue Gabriel, 75008 Paris cedex 8.  Note:  Packages will be returned if addressed to the Embassy's physical street address.",[33] (0)1 43 12 70 57,F,
00d37db202e7324e0f47cfad9671781edfdbb082,Canberra,Canberra,AU,null,Canberra,"American Embassy,Attn: U.S. Commercial Service,Moonah Place,Yarralumla  ACT 2600,AUSTRALIA",Office.Australia@trade.gov,011-61-2-9221-0573,As above. Use street address if sending material via courier.,011-61-2-9373-9205,F,
